{
  "accuracy": [
    0.6426182389259338,
    0.8785236477851868,
    0.9225991368293762,
    0.9392021298408508,
    0.9474438428878784,
    0.9556856155395508,
    0.9632107019424438,
    0.9669135212898254,
    0.9704968929290771,
    0.9726468920707703,
    0.9767080545425415,
    0.9813664555549622,
    0.9879359602928162,
    0.9845914840698242,
    0.9844720363616943,
    0.9897276759147644,
    0.9897276759147644,
    0.9915193319320679,
    0.9918776750564575,
    0.9924749135971069,
    0.9922360181808472,
    0.9906832575798035,
    0.9948638081550598,
    0.9925943613052368,
    0.9946249127388,
    0.9940277338027954,
    0.9940277338027954,
    0.9961777329444885
  ],
  "val_accuracy": [
    0.6375839114189148,
    0.8590604066848755,
    0.8934563994407654,
    0.9328858852386475,
    0.9328858852386475,
    0.943791925907135,
    0.9723154306411743,
    0.9790268540382385,
    0.9672818779945374,
    0.9656040072441101,
    0.9731543660163879,
    0.975671112537384,
    0.9832214713096619,
    0.9773489832878113,
    0.9815436005592346,
    0.9807047247886658,
    0.9807047247886658,
    0.9790268540382385,
    0.9807047247886658,
    0.9848993420600891,
    0.9832214713096619,
    0.9840604066848755,
    0.9840604066848755,
    0.9840604066848755,
    0.9840604066848755,
    0.9848993420600891,
    0.9840604066848755,
    0.9832214713096619
  ],
  "loss": [
    1.0769057273864746,
    0.36393341422080994,
    0.23711316287517548,
    0.18556584417819977,
    0.1568763554096222,
    0.1349724680185318,
    0.118283711373806,
    0.0941401794552803,
    0.08936435729265213,
    0.08352192491292953,
    0.06853321939706802,
    0.053991708904504776,
    0.036618661135435104,
    0.04751252382993698,
    0.04268229007720947,
    0.03310542181134224,
    0.030254032462835312,
    0.025921957567334175,
    0.02461988478899002,
    0.026174234226346016,
    0.023281430825591087,
    0.024331264197826385,
    0.016517676413059235,
    0.02368965931236744,
    0.017182152718305588,
    0.016836635768413544,
    0.0168157871812582,
    0.013420939445495605
  ],
  "val_loss": [
    1.267034649848938,
    0.5199299454689026,
    0.3935462534427643,
    0.250657856464386,
    0.23293040692806244,
    0.15917764604091644,
    0.08284468948841095,
    0.06743960827589035,
    0.11753939837217331,
    0.11006781458854675,
    0.0942460298538208,
    0.07682108879089355,
    0.05631885305047035,
    0.08782816678285599,
    0.06882042437791824,
    0.06599557399749756,
    0.06863659620285034,
    0.07127027958631516,
    0.07107782363891602,
    0.054485153406858444,
    0.06509575247764587,
    0.0633774995803833,
    0.06079404801130295,
    0.0561179481446743,
    0.054833464324474335,
    0.05476176366209984,
    0.05735017731785774,
    0.05867941305041313
  ]
}